,follower_login
0,tkersey
1,njonsson
2,bangpound
3,vincentkoc
4,Rud5G
5,mlsj1
6,syug
7,esneko
8,neopunisher
9,jazzwang
10,begoon
11,fly51fly
12,fallenpegasus
13,fribeiro1
14,brase
15,chchrist
16,massimoselvi
17,ScottJWalter
18,adeelahmad
19,mindcrime
20,informaticadiaz
21,MarceloNascimento
22,dmsbilas
23,thimslugga
24,leecardona
25,shyuan
26,nara
27,dning1
28,openam
29,semsphy
30,DaemonCahill
31,Cambera
32,riyadparvez
33,nattfodd
34,mitaka
35,ZhangYunfang
36,temosy
37,threadstonesecure
38,manuelhunziker
39,ambagasdowa
40,daball
41,pedro-lima
42,alexharvey
43,josh-fisher
44,subidit
45,pdevenraj
46,jtmoon79
47,nerandell
48,raghuboosetty
49,tdmalone
50,34code
51,burib
52,whn09
53,bobbyearl
54,alishir
55,ahlfors
56,bsrz
57,mailmahee
58,mihkels
59,daefresh
60,dofstar
61,codee
62,LisaDelaney
63,EdZava
64,pmanolak
65,kistasi
66,afelicioni
67,firebitsbr
68,glaucodiogo
69,gunkaragoz
70,manjunathd
71,afonsoalban
72,rsaa
73,hvn0413
74,duxing2007
75,ste93cry
76,terran1942
77,itanoss
78,anujku
79,thesobercoder
80,bygbyron3
81,rickymaciel
82,KevinGimbel
83,d-shimizu
84,zsp0817
85,konamo
86,voldyman
87,golf-x
88,alexjennings
89,Spinfusor
90,somaditya
91,apjowen
92,usui-tk
93,dengqixing
94,Davi-He
95,godsoul
96,kumar-nitish
97,toku345
98,snoop0x7b
99,PandaBlessing
100,andyuls
101,juanjoruiz2109
102,mangualero
103,haydenthai
104,proverbs53
105,Rajivhost
106,universewrld
107,dpapageo
108,HJiefeng
109,kkpan11
110,plumcube
111,magigo
112,ahmadfaizalbh
113,flukebox
114,jakebrinkmann
115,simar1998
116,CheeseTurtle
117,AAbasinejad
118,virtuoushub
119,huamichaelchen
120,mumblepins
121,b3nkos
122,bretdarby
123,srinitude
124,the-watchmaker
125,codinggooner
126,kimpenguin
127,pthbinh92
128,weisberg
129,ace-coder
130,infinitedreams9586
131,tusharsoni08
132,hoansgithub
133,ritesh-singh
134,schallerala
135,alexxyjiang
136,star-fx
137,amavlyanov
138,garciparedes
139,keshabb
140,designisaverb
141,s0nlxaftrsh0ck
142,darasat
143,mklemann-com
144,nikkidada
145,tiloyi
146,roykalony
147,zhangxiangdong
148,thomasdalbert
149,LavenderDaisy
150,edisona
151,Steven-Acomb
152,kevcooper
153,jodavaho
154,side9show
155,teeksingh
156,kevingrondin
157,koyashiro
158,unlitdev
159,well1791
160,mleziva
161,ajian005
162,ykaidashov
163,anand-b
164,xGreat
165,MatterhornProject
166,tolgabuyuktanir
167,cash2059
168,rajabalaji-mp
169,anobil
170,radiochickenwax
171,vedamj01
172,jafferlin
173,yixiuhua
174,rodazuero
175,JustCallMe-AK
176,henriquerick
177,Wyvernslay3r
178,gabrlyg
179,paulosiciliano
180,martinvaldivia
181,rdczhby
182,mys328
183,billykwok
184,andrey-berenda
185,sinhang
186,Pal3love
187,Lakshmiaddepalli
188,mohamed-abdelsattar92
189,rawer886
190,junhong202
191,jathurchan
192,thanhcsf
193,junaid109
194,arpitgo4
195,roykhoury
196,bafeiyu
197,Ylmzef
198,anlexN
199,Janujan
200,fwblcz
201,elaineleung
202,djinl520
203,protyay
204,selfishprimate
205,Mwalthery
206,GregAllenSmith
207,zgover
208,avestura
209,aspindle
210,pqrsooo
211,evanshrestha
212,bos-hieu
213,hanautoparts4u
214,sonimonish00
215,ljesparis
216,imvikramn
217,massivelivefun
218,garrettrh
219,adanone
220,ghishadow
221,shower1986
222,mseld
223,JasonYe88
224,seshurajup
225,xiaopizi19
226,pelamlio
227,Asavarkhul
228,ajay340
229,custadian
230,KlwntSingh
231,FelixFeliciant
232,learnerzhang
233,gamedebug
234,jonathanarodr
235,baboooin
236,osama-ahmed
237,nir-zilberman
238,changyongyong
239,bigDP
240,WajahatSiddiqui
241,markjohnlucas
242,Vaibhav
243,manavchoudhary
244,nikolaospapachristou
245,CallmeTorre
246,jcarlos001
247,vslala
248,peterjlay
249,Ngel-Castro
250,rilek
251,dawei-wang
252,George-Petrovski
253,DominikHorn
254,JeffUssing
255,edstgo
256,yxblee
257,barisates
258,ankkrish
259,pratickRoy
260,pereirakadu
261,justinsamuel92
262,dotsnangles
263,609151318
264,RyanAugust
265,dbarrington
266,knhnd
267,akari0624
268,noid11
269,ioing
270,AruulmozhivarmanS
271,Tusharjagi
272,ivaylo-yordanov
273,rramirez0203
274,emullaraj
275,theranajayant
276,jkjavier
277,mcguegi
278,nbhirud
279,fischerleon
280,UmutSERIFLER
281,zhu0823
282,Joe192168
283,SanHacks
284,LindaHaviv
285,ball582
286,dmitrykrisko
287,qmajid
288,we1l1n
289,thangnm93
290,NikhilRyan
291,dongzhuoyao
292,xuelangqingkong
293,godobyte
294,chanffdavid
295,anomaly-88
296,CLF3721
297,undabah
298,aymenbelarbi
299,ashish936
300,giotramu
301,0xlkda
302,guilhermebc
303,SMBgurus
304,brentclay
305,mate-h
306,artur-sak13
307,yorshreynoso
308,yehuizhang
309,AAdewunmi
310,flaviopavim
311,Zenidog8
312,aiwongs
313,kalsyanpradeep
314,charaton
315,jadanah
316,vonzou
317,jaymahfudy
318,maxsxu
319,keita-hino
320,KyuDounSim
321,Anirudh257
322,jmartins-sh
323,satyarajreddy
324,Prithvish04
325,AnsonHwang86
326,xzm2004260
327,anirudhbagri
328,STCYC
329,rsmelo92
330,StrangerCoug
331,keren123
332,paraskevasleivadaros
333,Grimgog
334,noodanee
335,alobe
336,zhuzixian520
337,JadeCong
338,VitorSouza7512
339,dancause
340,graceko22
341,paletode
342,Timotej979
343,erenaslandev
344,serhiiklenachov
345,camerondurham
346,khanhhuy288
347,gstair
348,hotsticker
349,ningfc
350,RishabhKr97
351,jiangoz
352,ardasatata
353,Murplugg
354,tanvirstreame
355,kworkbee
356,arnab-ray
357,yuriykuntsyak
358,StarDustTwinkle
359,bahadirsahin
360,SMSesay
361,jamestiotio
362,anuj97
363,yaelBrown
364,motmaytinh
365,desaidn
366,NoxGamingQC
367,aravinthakannan
368,lingjiekong
369,diohsb
370,janviyao
371,hijiki51
372,mksarge
373,pradeepkni382
374,rdnasim
375,shrinidhibarthur
376,StrangeKnowledgeIncresed
377,Austin47
378,shokriw
379,franklin-monreal
380,xxh031203
381,dororoholic
382,chipro
383,lossfunc
384,feapaydin
385,loumalouomega
386,james-sungjae-lee
387,garyhtou
388,d3v2null
389,msweetland
390,alfaisal7313
391,jrjm1111
392,mitutitu16
393,ShuhaoZQGG
394,akashsathyan
395,sushant-joshi
396,chrisskhoury
397,jeremychauvet
398,riturajDas
399,Logicus03
400,chinchillajared
401,isabelchaves
402,shikharsaxena98
403,flukelaster
404,rjuer
405,mussieh
406,pawa2007
407,lintsai
408,6thpath
409,nj1787
410,rockychang7
411,hanwgyu
412,wudangqibujie
413,DihanDai
414,drewfrost
415,bixo-d
416,MUmarJaved
417,contimatteo
418,amaankulshreshtha
419,surajsahani
420,hackenbacker
421,petronem
422,my1795
423,Pzoom522
424,SpeicherA
425,nityansuman
426,hahacyd
427,wangtiechuan
428,lynmison
429,anaghkanungo7
430,RickyC0626
431,WladFrazao
432,Ming0217
433,caesar-one
434,xuepengwei
435,Ishanna
436,nvspavankalyanch
437,JoeRMiller
438,luwen193
439,devStarscream
440,nkn6294live
441,FanJups
442,ShwetaShivangi
443,amwi04
444,mnk400
445,pd14196
446,samirdjelal
447,tychodev321
448,TheFJS14
449,Baleryom
450,caitinc
451,almokhtarbr
452,andreacip
453,alexanderafanasov
454,duranbe
455,thapaashis110
456,soccernut
457,mdobro1
458,royswale
459,saneknight
460,AnhTrieu
461,janmarkuslanger
462,morinyan
463,gujiacun
464,adileone
465,BIGChask
466,mapjx
467,fuhaoma
468,DXLZ
469,nuffQuantumSayd
470,nikfed280199
471,kekemao00
472,lamsd
473,anuq
474,igorasantos
475,metaphor0
476,iashutoshtiwari
477,yaravi
478,skippermin
479,masakiasami
480,huannvttd98
481,SantosCristiano
482,thatbeautifuldream
483,happyqq
484,iameduardod
485,wuchunfu
486,venkate5hgunda
487,NousheenAnwar
488,whuhxb
489,ks1990cn
490,ronnielutaro
491,Samutichev
492,jongan69
493,nmoisess
494,kayericson
495,tjolr
496,LuGO0
497,rishikavikondala
498,lodhik9
499,cultivate5253
500,elafifi
501,akazyti
502,boomer2752
503,Luccasoli
504,thiagoproldan
505,benmassaoud
506,abheesht17
507,ShrivatsAgrawal
508,HebaElGalad
509,himanshututeja1998
510,sevenhqj
511,AsadAmir111
512,CWHer
513,Pei1133
514,proKress
515,SamuelMaculuve
516,pasenchenko
517,jinjidong
518,eemailme
519,Nikronic
520,Razdeep
521,jkh920184196
522,FenTheDev
523,Dxdzy86
524,ThaoNhienNguyen-Erika
525,chunkSpadunk
526,patrick22414
527,13984468001
528,pseshadri9
529,Jiahuan-Pei
530,AdityaSoni17
531,shelthack
532,dykderrick
533,johngunerli
534,xmaxance
535,akashmdkml
536,Menotron
537,smustafa75
538,nanaboat1
539,eshack94
540,Karim-53
541,EthanC-8
542,nitinnbisht
543,ericpark123
544,Matheus-ESW
545,allenduchaoyuan
546,Yulv-git
547,hexolan
548,moqsien
549,MilleniumSpark
550,sagsango
551,Programador89
552,robertgro
553,JasonMoon95
554,limeng92
555,raashidanwar
556,jackpan123
557,bshreddy
558,TsukasaSeto
559,almiracioly
560,PallaviVarandani
561,alvinlal
562,Rookl
563,awabasher
564,Katsukiniwa
565,huuquyet
566,PMcTwist
567,hqng
568,rkv0id
569,MadeInLondon
570,SimonVonXCVII
571,sigsant
572,celikgokhun
573,shiva0612
574,jk4freedom
575,kyamashiro
576,LasVegasBilly
577,Turbocaspal
578,davnunes
579,afondiel
580,johnnyrtrentin
581,stnorbi
582,stacyrymer86
583,zero-null
584,jh9875
585,GITWHB
586,devinkg
587,ricardosuman
588,mencarellic
589,rabbithophop
590,ftf1218
591,hirawatt
592,adilet-saken
593,marcomamprin
594,Thejuskbenny
595,TomasDavidYe
596,nanaxumu
597,GabrielFerrante
598,13995595007
599,tinahuang222
600,Bhavuk-Garg
601,Mzon2857
602,thiagomares
603,skleee
604,mjsheikh
605,anishamalde
606,easy147
607,TeddyCom1
608,prabhumns
609,HyunjunA
610,harishravi121
611,Habib16051
612,iamharvey
613,rahul-zomato
614,ricardopra
615,avanishvyas
616,inframarauder
617,YjqZhouxiao
618,adhamsalama
619,LuoTailong
620,AtaraxiaZ
621,hyanzhang
622,sovansambath-phann
623,rkej
624,jinshuye
625,ibn-khafagah
626,kartikeytewari
627,md-arfin-cse
628,johncruyff14
629,johan-lab
630,ambanerjee
631,bzamith
632,deviknitkkr
633,Abirul
634,ranefattesingh
635,nesakobi
636,yungwarlock
637,hunghg255
638,matoszz
639,andrewdge
640,RobertConde
641,rksamu
642,hartl3y94
643,saarthdeshpande
644,leechenze
645,Dexterzprotege
646,alan713
647,sandrawilczynski
648,ManojTGN
649,Debarshi95
650,gauharayub
651,GowthamSk1
652,PolyVoid
653,middas-0706
654,seanwynwins
655,WendyYanto
656,sangamesh-kodge
657,claudsonbarros
658,yotamnahum
659,huiminlim
660,sumukhteja
661,valtab
662,JankinTian
663,djmcclary
664,theroyakash
665,sadoreko
666,billsenxu
667,MarcoSantonastasi
668,cheungfujai
669,amadsalmon
670,infinitepower18
671,ashr4f1arr2ad
672,rgdyy
673,shayanekat
674,fellipematos
675,Disciple0fMarx
676,VE5ETA
677,KlinKlinKlin
678,ishu-thakur
679,brijeshbhalodiya
680,zaaakher
681,XRLZX8
682,soumyadbanik
683,zhnzhang
684,yhf98
685,xjhofernandes
686,gauravagrwal
687,juanca-jimi
688,mapy1874
689,JohnDNC
690,zeelsheladiya
691,ImKunYoung
692,EduardHov
693,risejl
694,Soumil-Bhattacharya
695,mahmoud-elghonemy
696,johnmccants002
697,samedsemihs
698,moramadan98
699,aymandarwish
700,HongLouyemeng
701,maniac1122
702,Sambit650
703,haja-fgabriel
704,kohring
705,okonri
706,paulohenz
707,leopoldoH
708,cnhuz
709,liltommy1dev
710,Wwillers
711,owini
712,amirmojarad
713,RichardZj
714,hellomikko
715,MarcoSteinke
716,acox216
717,smy1999
718,switcombe
719,anujchoudhary-17
720,mazrean
721,XrosLiang
722,994Simone
723,matheussooares
724,Mystic-77
725,bruno-aires
726,Jirigesi
727,imokhtar
728,GvHarish9894
729,ArthurAnastopulos
730,w3dg
731,guilefoylegaurav
732,denmj
733,frankxzAmazon
734,ericwidjaja
735,mirfanaslam
736,nayeonshin
737,xiaozhiob
738,u-yas
739,smelouah
740,icqmula
741,ndagan
742,dmascheck
743,Abhirajnow
744,sanjuchandra
745,sadiqshaik123
746,cccaimingjian
747,anurag01a
748,masrafi115
749,Liebmann5
750,sm-heard
751,Abhijrathod
752,leonardoknakagawa
753,agastaldellomaccomit
754,steffiypx
755,AdnanAaddi
756,MaxDeveloper16
757,hchen19
758,leonardofhy
759,tenpa007
760,gtrman97
761,MuffinAmor
762,amiranbari
763,rushilenekar20
764,soma2000-lang
765,jin-sungdae
766,Git-Codder
767,Ayush-Pujari-07
768,songziqwq
769,goillotc
770,2019-GitHub-Chu
771,Tarsisnbs
772,dylenchang
773,chinkin707
774,frankporco
775,adithya1010
776,sametcn99
777,Aditya-Khemka
778,chanwoo00106
779,FrankQixiangGao
780,alikemalozgumus
781,Codesmaster-lab
782,gwd666
783,dhanrajswami
784,Supriyo8799
785,Maher-RJ
786,Dajun-2019
787,0xa3k5
788,LuanGomes12
789,stevenrsewell
790,Symon629
791,martintaylor1635
792,kranti2201
793,prad-j
794,jaquespavan
795,huiyouyou
796,vignesh5535
797,huai-jie
798,bipin0x01
799,chrichri17
800,GessioMori
801,TylerMamrot
802,danmslamt
803,Pecorari
804,1MuhammadFarhanAslam
805,br8km
806,najmehn00
807,Uplift-0508
808,samtimur
809,ajmalbinnizam
810,TatsuyaNakagoshi
811,jigordev
812,NonymousMorlock
813,EfeAcar6431
814,akinfelami
815,avstreamdevpro
816,kqiq
817,NaoyaTatetsu
818,mijung-in-11st
819,simonjgr
820,osman-nazir
821,Vigneshkumar212
822,avadhutjc
823,MLHaddon
824,Capital-SetMawHtay
825,sumairq
826,jcork4real
827,samr874
828,aditya-repos
829,spencerlepine
830,calbergs
831,yusuke-z
832,Yuri-Mendes
833,jimmysmits
834,Drag0nf1y
835,JohnDoll2023
836,Saipraneeth99
837,santoshlite
838,vinodpatildev
839,leejoonhun
840,mmhamdy
841,lorenonzi
842,baisedongtian
843,arqam365
844,hiyyg
845,b0nafideCicer0
846,VitorAkira-me
847,Jesus-Retr0
848,solfonte
849,PrideStudio
850,PriyamJha0124
851,Matt-Bulk
852,xiao-cy
853,meijihatakeyama
854,galichy79
855,thefaheemkhan
856,Flaiers
857,HenriqueFurtado-Dev
858,Derokkk
859,Shahna-C
860,chosungmann
861,Ethan-Ka
862,grahamwaters
863,deezeddd
864,jaymepsantos
865,mohamedhabibwork
866,Rayane-Aboud
867,hueiwhfa
868,anurag1504t
869,rudra-code-creator
870,rajveer43
871,Kushan2k
872,Thilak-KN
873,Tiger15cub
874,AesisGit
875,rafaelporfiriobarros
876,OBud75
877,yosefkiros
878,benzebra
879,HamdanAr
880,ralintuscano
881,rhattox
882,FurkanEdizkan
883,SegaGLm
884,celso-na-teixeira
885,nilesh05apr
886,EM51641
887,seanpm2001
888,thiagomendonca-eu
889,rainmana
890,dylanhood
891,chris0765
892,JohnPPinto
893,Pquar
894,oss-mad
895,Mindula-Dilthushan
896,AHANCIT
897,sebaminaya0
898,d-t-n
899,vinoth-techie
900,rbuchmann77
901,Rameshraj55
902,SeifEldinMohamed
903,SteCC
904,daniel-dqsdatalabs
905,JoseRicardoPE
906,PhumyJS
907,yuyingjun0922
908,shakhzodtojiev
909,ShabbirHasan1
910,klkuoguru
911,ggopal13
912,angeloS-98
913,yagikota
914,DougRog
915,ipez98
916,litingyes
917,buddy1276
918,rdbender
919,uivid64
920,deevanshu-k
921,linquint
922,pjiang15
923,jeanhackpy
924,PhaedrusFlow
925,nguyen-duy-tan
926,Tpeach9474
927,KennyOliver
928,ronnieangeles
929,Lucas-sudo-dev
930,mahmud0v
931,carnate-tech
932,AldairAvelino
933,mertkilix
934,Ghost1386
935,asmnajmussakibkhan
936,harshitclub
937,istellaliu
938,QuantumBoy1010
939,polygonnedpotato
940,MadushanNimantha
941,Choikyudong
942,Harshi-itaSinha
943,anthowest
944,emiltervo
945,gustavoturin
946,mohd-salem
947,Infisrael
948,MateSousa
949,marcelozepeunam
950,canyoldas0
951,erfuun
952,madcitymultimedia
953,arunavabasucom
954,JonathanCristovao
955,ugke
956,Gustavo-Murdiga88
957,uk-2
958,Jiyu-Kim
959,aadarsh-af
960,karthikmurakonda
961,fantastic0206
962,littlelionly
963,thunder-007
964,Rahulengineer-spec
965,ibarraz5
966,vidda5
967,AndreiMariciuc
968,tatvil
969,michelececcacci
970,nabeelnoor
971,sherlcok314159
972,mist1024
973,elerner42
974,vedantraval2310
975,juliana-silva-hub
976,mrrushikeshdaund
977,sudongyuer
978,LlandspitRunzingf
979,jianan1104
980,Westsi
981,AnmolVerma404
982,JoseLopezSolis
983,Ashish0898
984,muratali016
985,ozancck
986,farinaceos
987,zamoosh
988,KISHORE-KUMAR-S
989,anadeem2
990,VincentIhab
991,natdosan
992,ManojJ07
993,cx63cc
994,riadelimemmedov
995,ForBai
996,David7ce
997,aoshenx
998,DamonAustin
999,chococandy63
1000,sozelfist
1001,itsRealEllis
1002,weiliw-amz
1003,llllllilllilliii
1004,VenuGarlapati26
1005,samliu90
1006,gerald924
1007,FukazawaKazushi
1008,TheTrueKen
1009,TakahirosGithub
1010,StephenOravec
1011,sccvn
1012,yaroslav-honchar
1013,sbdeveloper90
1014,loupprodi
1015,shirushi-dev
1016,Samruddhi362
1017,lettymoon
1018,clearljn
1019,jiaweicai92
1020,Mairobinsky
1021,pritamkpratihari
1022,HenryDV
1023,federicoreppucci-deliveroo
1024,buiquangthanhcode
1025,Jibe7
1026,MJ-Tech-H
1027,KendallDoesCoding
1028,Shrey-Srivastava21
1029,niravpi
1030,Itisjigar
1031,piyusagr
1032,junzmint
1033,enricoasc
1034,rakshit782
1035,PoojithaIrosha
1036,adnene-guessoum
1037,Yajie-Zhang
1038,huseyingirgin-eva
1039,script-lab
1040,ccampa896
1041,Nandita-SB123
1042,poojasundar15
1043,me-deshpande
1044,Ahmedhamza1232001
1045,nurullah-arican
1046,ariyandevanand
1047,ishika1501
1048,mdzaberalhamid
1049,MuziZwane
1050,ahamedrujhan
1051,batz-gg
1052,jmoore78
1053,saitejar110507
1054,ekaterina4952
1055,KalvenDebig
1056,kumartul
1057,eaxoy
1058,charan11sv
1059,YoliswaD
1060,frankpengau
1061,wanjanhasan
1062,Phillipe-Hugo
1063,ndnan
1064,MarshallOkafor
1065,NickMezacapa
1066,fedebayer
1067,xwillxu
1068,danielaiyuan
1069,tkm9602
1070,NavratanPatel
1071,Mohammadflht
1072,Tahsin411934
1073,Samruddhiiii
1074,fvarghese99
1075,rediahmds
1076,nishantb06
1077,Louuuaiii
1078,FelipeFama
1079,marcusPrado02
1080,Arshu200
1081,josephmartinmoran
1082,AndreCoutinhom
1083,natamartins
1084,elcnu986
1085,sssamm29
1086,NChub
1087,techprogo
1088,mgaspirc
1089,SarfarajRahmn
1090,Aniketchaudhary16
1091,JeromeXapix
1092,ClaudiaA18
1093,stoicsapien1
1094,ElizabethJoseph25
1095,dfordp
1096,Manbendra2014
1097,Saleheddin
1098,enVId-tech
1099,heshara2000
1100,Saba42V
1101,Shahid6289
1102,henry-vipnet360
1103,mitesh-acc
1104,thrashghost
1105,prejin2310
1106,alismask
1107,rodrigommar
1108,Sudhanva-Nadiger
1109,FelipeBNascimento
1110,ethangutk
1111,mb4m1
1112,Lucas1114
1113,puppsupr
1114,naji0329
1115,SuperSmile0109
1116,Giasinit
1117,apella1
1118,0laday0
1119,pannacottaaaa
1120,mars-aria
1121,RichardMulambuzi
1122,RYANFRANKLIN237
1123,LaughingJackalope
1124,ygill
1125,isaacbrendel
1126,Avidlearner001
1127,zagui-master
1128,Ganesh972
1129,marupon3910
1130,Fuko-Ibuki
1131,JeffreyChim
1132,supbrice
1133,black-mold
1134,BrunoGr0883
1135,tomgangwang
1136,emmyoh
1137,leonardonakagawa
1138,chkp-bryans
1139,hgnzheng
1140,agurinv
1141,sghost13
1142,SpikyWU7
1143,shashank-mishra14
1144,missAnneThorpe
1145,KoolSoul
1146,Naveen2334
1147,IAMPARSI
1148,LeonMS123
1149,nosh09
1150,Angie-Zhang
1151,Vladdstian
1152,satayuji
1153,HJPandey
1154,ryanherd
1155,gremsyQuanLe
1156,LKChigumadzi
1157,Kenaaaaaa
1158,koray-aydin
1159,bekbolsun446
1160,lchen104
1161,louisphihaihoang
1162,RahulDubey391
1163,SnKToR
1164,Rupesh510
1165,vatsal-30
1166,akshit2257
1167,pppppyamaP
1168,Rajesh562020
1169,Trik01
1170,zahidhussain998
1171,hemsridh
1172,Vijay3725
1173,DDDavey
1174,adoussal
1175,iopebiel
1176,lowep
1177,yolo102938
1178,FlawlessCasual17
1179,dhineshprabakaran
1180,qdclub
1181,asimpson0000
1182,dmytrochumakov
1183,thatme12
1184,JaRLenZhang
1185,The-code-is-secret
1186,jeremyw-dobeu
1187,christine-sandbox
1188,Comosaycomosah
1189,maxrathmann
1190,AaronSMathew
1191,FIDEL7Z
1192,rohit250799
1193,MirboboyevJasurjan
1194,lucasaraujodev
1195,vishaal3301
1196,aka5050
1197,truemanstock
1198,tori-ham
1199,boscotba
1200,jasonthedataguy
1201,AContesini
1202,julianomolinari
1203,Ponthezs
1204,0xMxrgan
1205,akhmadmamirov
1206,ParagDD
1207,bourbakiN97
1208,Myceliose
1209,mil2tech
1210,menawi
1211,ad0niram
1212,chrisgomad
1213,looooooooy
1214,ayitharevanth
1215,Julioalvestv
1216,Ashishh0007
1217,seespike
1218,ropdias
1219,penguinpottery
1220,crr-bbai
1221,ComprehensiveAmoeba
1222,andedavd
1223,WLHQ
1224,manuelortizus
1225,aibolu
1226,MaxBryne
1227,Frisek
1228,shanenichols-channeladvisor
1229,mircoisendu
1230,soriqoo
1231,ThecoderPinar
1232,romans1234
1233,silviana-hs
1234,risingcurve
1235,rigvedp97
1236,sahanediriweera
1237,Raghavendra-Yadav
1238,jcf170030
1239,vladelets-vselennoy
1240,ThomasCode92
1241,paulaPSOx
1242,rsenthur
1243,xmartinsbr
1244,dhrubajyotifounderofDSoft
1245,JulienCamp
1246,ryan-w-roche
1247,montyma-amazon
1248,BryantVencil
1249,Vasco-Arts
1250,YgorAlcantara
1251,akshaygp18
1252,AgentofPhoenix
1253,JapnoorHere
1254,Zaka123456
1255,Pulimi1991
1256,modabossymaxk
1257,gurawliprakhar
1258,TheNicCraft25
1259,Janxxxx
1260,chukstochi
1261,srdegbe
1262,chuzairnisar425
1263,IzaacCoding36
1264,Emzie2212
1265,pushkarcode
1266,bbazwalt
1267,astuteIsrael
1268,Calum09
1269,mshtorache
1270,anbinh93
1271,TN-Junior
1272,Itzkuldeep444
1273,rafaelgandis
1274,iamchiranjeebpanda01
1275,gsoni1
1276,aniruddhawathare
1277,Qianru69
1278,samiamorshed
1279,goatsofcanton
1280,chris6090
1281,soorajaryan007
1282,IKashCode
1283,Anmol5519
1284,fernandobraz88
1285,bhargavbijjam
1286,BigSlum
1287,sachin21t
1288,RomDev7
1289,doski22
1290,allaboutevemirolive
1291,hongbo-wei
1292,mdhumairraza
1293,Laindrion
1294,kdelcampo13
1295,Hoppeful
1296,vaddikeshavareddy
1297,MahdiCodee
1298,DonzerHD
1299,darenj456
1300,coder-nian
1301,shubmanh
1302,kybex11
1303,VasanthamHimaanshu
1304,luizvulpi
1305,SvipWangyh
1306,innocentc
1307,gtamaral
1308,1jana0
1309,beyzaaydogan01
1310,Armkas
1311,mgtian03
1312,Vincent-Y5
1313,GuilhermeeCustodio
1314,rajwadejii
1315,carlosgomezi
1316,fevziismailsahin
1317,Prateek-Wayne
1318,RaviYadav02
1319,DadMouth82
1320,jvitorlk
1321,liam-devx
1322,Su-Tcode
1323,gitteedara
1324,iam-back
1325,Ananya2311
1326,MaxwellNi
1327,eloidieme
1328,winfredbo
1329,DeclanGH
1330,xcrar
1331,Sheepdog2022
1332,Salvapazzo86
1333,Mohamed988o
1334,jessepeq23
1335,htiennv
1336,Shashank1407
1337,AngelCen14
1338,rsmaayon
1339,jouaraujo
1340,ali-fraz
1341,sbaws
1342,rany01
1343,Anis-Web
1344,Ig0rFA
1345,Som-III
1346,wshanleee
1347,ansh2903
1348,konpap-chan
1349,LuizGup
1350,sudoblanc
1351,Arun-gox
1352,DominikWunderlich
1353,amitsingh2022
1354,bonnysi76
1355,misaelsp
1356,developer1618
1357,JaafarLezzaik
1358,AliHossam98
1359,Renpeng01
1360,shanechioa
1361,LekshmiPrakashhh
1362,pchalise7
1363,Valliebby
1364,camilasoares045
1365,poemww
1366,Sray47
1367,Alexdon1988
1368,jinholee-lab
1369,aminbiography
1370,Svetozara3363
1371,MarcelloCordal
1372,github-world192
1373,rajeshkanugu
1374,sivalaxman07
1375,Chetan-Patil-52
1376,pookiecookiee
1377,raphaelguardiano
1378,choiruddine
1379,Nithin-singiri
1380,adiibnuajat
1381,krishnagptamcs
1382,yanwei257
1383,gauravchakrxborty
1384,sergiojfsunior
1385,GiuLOCX
1386,L-Alexandre
1387,Sebastiaanel
1388,firefitdesgns
1389,themrhoffmann
1390,mgrundwuermer
1391,ryanAMZN
1392,Philipabao
1393,bnmbz
1394,Chadkendu
1395,Olaffson
1396,Hamza-H10
1397,karthik121222
1398,AbhisekWebDev
1399,timboslice832
1400,braedonbillingsley
1401,gilleswb
1402,Naruto-79
1403,aostar168
1404,shivam-tadas
1405,tinajiang26
1406,marcosdataleal
1407,nandarshan
1408,HappyMicky0317
1409,Andrei-Boghiu
1410,martinOofay2023
1411,josielabreu
1412,Wuzoobia
1413,VISHALVARUN011002
1414,ColdCodedotso
1415,19raulruiz68
1416,zaim03767
1417,Nanigullipalli
1418,imishangrover
1419,wiscdn
1420,ortanaV2
1421,sks972
1422,369bt
1423,omarhabd
1424,Kayra-Baran
1425,purushoth2603
1426,ywangire
1427,PenhaJV
1428,ZenShuHara
1429,chende1121
1430,TF-185
1431,mdadnankh
1432,VidhiS07
1433,AleMartins2023
1434,JCOOPER5646
1435,danylo-miranda
1436,SangaoWe
1437,Maycon-dSilva
1438,imanol-2021-12
1439,cropoffquadcopter
1440,andregustavoaguiar
1441,aws-apradana
1442,choimikey
1443,nazidul
1444,yudai-shibuya
1445,datamoro
1446,KAEWPRASITKRAN
1447,Maycon-Melo
1448,lanjua5899
1449,TheWitchySarz
1450,JStk-Dev
1451,notjustjoshin
1452,niveshatom11
1453,LucaMaximilianBuchwald
1454,amenihong
1455,MT-Designs
1456,ben9672
1457,YuvalYanay
1458,aristo-alex-develops
1459,Abeldsonndiku
1460,WIN1NG22
1461,GauravDevOps711
1462,BogdanKlimov11
1463,S-PScripts
1464,paracatuatomico
1465,gitgptmin1973
1466,PatientProblemSolver
1467,jiang3d
1468,the-new-fifty-two
1469,DavideSchirru17
1470,RajVishal7
1471,CameronScarpati
1472,joaovgcoelho
1473,V-AI-ML-DL-DS-PL-PYTHON-JAVA-GO-2023-0
1474,tree-shrew
1475,Amisha-verma2907
1476,ocupadaparavc
1477,nogueiralf
1478,zactseng
1479,ricberht
1480,ChamelePhantom
1481,abolfazlhajjar
1482,Tariq-Anjum
1483,vedamjamz
1484,adminjd
1485,justzh
1486,Zzzyyy2023
1487,Chrishargrove58
1488,Kikikickss
1489,luneto10
1490,538mansi
1491,INGVARtattoodjnWEBdev
1492,PPCXZ
1493,cvs0
1494,ZumaGr
1495,worriedape
1496,NikunjWorkDo
1497,rshuba4
1498,sairavi5887
1499,ravigiri91
1500,dminduca
1501,nareshns2004
1502,ialksng
1503,ThokozaniMntambo
1504,vx-vijay
1505,Sofyaolvs
1506,hatimharrati
1507,Valoron
1508,acya-amazon
1509,kidu-s
1510,unstatistical
1511,GiorgioAntonelli94
1512,niroshinimurugadas
1513,chrixcrusher
1514,harishravi131
1515,wishspotting
1516,harishravi141
1517,harishravi151
1518,luisdavidpaz
1519,JustSouichi
1520,suncoastcloud
1521,Nikhildsaroj
1522,Pranavprasadsinghs
1523,augustomangini
1524,LiuYanghong-MIT
1525,miguelkuter
1526,JeromeyDynamics
1527,Pymster
1528,Sethfire2
1529,sfc-gh-cmilton
1530,super0827
1531,Guilhermedev9
1532,SavetoAI
1533,paw1nn
1534,the3letterscompany
1535,unitop010
1536,ANVESHBV
1537,tufanbil
1538,iamakachili
1539,arturogaitatzis
1540,Morkonian9
1541,beverlymallen
1542,NikolaiYYDS
1543,lucasm-paixao
1544,y-hbb
1545,HkDotPY
1546,Bishal-11
1547,yashprogrammers
1548,goeo1066
1549,GitHub7667
1550,cstiago
1551,SnorlaxCansado
1552,rahulnuvo
1553,natamartinscodedev
1554,abhisekde96
1555,programming-applications
1556,arch1024
1557,remotemommy
1558,Sameerkhansabri
1559,SA-Official
1560,XQH139
1561,Disnord
1562,AbdullahKhalide
1563,theHeadlessGrapes
1564,3d01
1565,FlipGeorgios
1566,mohamedahmedch
1567,negoceio
1568,AmirSheikhmagomedov
1569,anthonybiondojr
1570,zhuofuAMZ
1571,Dereck234
1572,WorananH
1573,CauaFChristoni
1574,SushilkumarDev
1575,r-akshay0002
1576,valuezon-team
1577,imanojchandra
1578,nihanth1234
1579,rsmelonw
1580,DarkCodeStudios
1581,Rumie01
1582,nickdengamazon
1583,JaiPrakashBhola
1584,fbrunamiranda
1585,iirachet
1586,chuqiang188
1587,genttti
1588,J4R3D5
1589,MominIshaque
1590,kavin-raja-d
1591,kyawtiz
1592,arihitaD
1593,Michael-MSL
1594,SkyeCai0608
1595,GeekAmir
1596,7IAM7
1597,bbg-it
1598,thankful-kitt
1599,PauloDevelop01
1600,tpna
1601,AbolfazlPoornaderiyan
1602,migueelss
1603,harish-zuper
1604,bear-dotcom
1605,Robertrabbit0802
1606,godkerbi
1607,Administrator33
1608,omarmoashraf
1609,mohammadmehrani83
1610,K437-max
1611,Yasaswini-Yasaswini
1612,github-audiyang
1613,mikey-sys
1614,Pascal-Felis
1615,HiagoPetry
1616,Eduardo7coelho
1617,fbaravalle-arit
1618,Himmu-52
1619,ezatk
1620,zeroone98
1621,455272
1622,sapiendummy
